-- TransitOps Sample Data
-- Run this in Supabase SQL Editor AFTER running 000_full_schema.sql

-- ═══════════════════════════════════════════════════════════════════════════════
-- VEHICLES
-- ═══════════════════════════════════════════════════════════════════════════════

INSERT INTO vehicles (id, registration_number, model, type, make, year, region, max_load_capacity, odometer, acquisition_cost, status, last_service_date, fuel_type) VALUES
('a0000001-0000-0000-0000-000000000001', 'MH-12-AB-1234', 'Tata Prima 2528', 'truck', 'Tata', 2022, 'Northeast', 25000, 45200, 1850000, 'Available', '2026-03-15', 'diesel'),
('a0000001-0000-0000-0000-000000000002', 'MH-14-CD-5678', 'Ashok Leyland Dost', 'van', 'Ashok Leyland', 2023, 'Southeast', 3500, 22100, 850000, 'Available', '2026-01-20', 'diesel'),
('a0000001-0000-0000-0000-000000000003', 'DL-09-EF-9012', 'BharatBenz 1618', 'truck', 'BharatBenz', 2021, 'Midwest', 16000, 78400, 2200000, 'On Trip', '2025-12-10', 'diesel'),
('a0000001-0000-0000-0000-000000000004', 'KA-05-GH-3456', 'Force Motors Traveller', 'van', 'Force Motors', 2024, 'West', 2000, 8900, 1200000, 'Available', '2026-06-01', 'diesel'),
('a0000001-0000-0000-0000-000000000005', 'GJ-06-IJ-7890', 'Tata Ultra 1518', 'truck', 'Tata', 2023, 'Southwest', 15000, 31200, 1650000, 'In Shop', '2026-05-20', 'diesel'),
('a0000001-0000-0000-0000-000000000006', 'TN-07-KL-2345', 'Eicher Pro 2049', 'trailer', 'Eicher', 2022, 'Northeast', 20000, 56700, 1950000, 'Available', '2026-02-28', 'diesel'),
('a0000001-0000-0000-0000-000000000007', 'RJ-14-MN-6789', 'BharatBenz 2528', 'truck', 'BharatBenz', 2024, 'Southeast', 25000, 12300, 2800000, 'Available', '2026-04-10', 'diesel'),
('a0000001-0000-0000-0000-000000000008', 'UP-32-OP-0123', 'Tata 407', 'tanker', 'Tata', 2021, 'Midwest', 10000, 92100, 1400000, 'Retired', '2025-08-15', 'diesel'),
('a0000001-0000-0000-0000-000000000009', 'MP-09-QR-4567', 'Ashok Leyland Viking', 'truck', 'Ashok Leyland', 2023, 'West', 18000, 28700, 2100000, 'Available', '2026-05-01', 'diesel'),
('a0000001-0000-0000-0000-000000000010', 'CH-01-ST-8901', 'Tata Ace Gold', 'van', 'Tata', 2024, 'Northeast', 1500, 5200, 650000, 'Available', '2026-07-01', 'petrol'),
('a0000001-0000-0000-0000-000000000011', 'PB-65-UV-2345', 'Force Traveller 2620', 'van', 'Force Motors', 2022, 'Southwest', 2600, 44500, 980000, 'On Trip', '2026-03-01', 'diesel'),
('a0000001-0000-0000-0000-000000000012', 'HR-72-WX-6789', 'BharatBenz 1917', 'truck', 'BharatBenz', 2023, 'Midwest', 19000, 35600, 1750000, 'Available', '2026-04-15', 'diesel');

-- ═══════════════════════════════════════════════════════════════════════════════
-- DRIVERS
-- ═══════════════════════════════════════════════════════════════════════════════

INSERT INTO drivers (id, name, license_number, license_category, license_expiry, contact, email, safety_score, status, region, join_date, total_trips) VALUES
('b0000001-0000-0000-0000-000000000001', 'Rajesh Kumar', 'MH-DL-2019-0042', 'B', '2027-08-15', '+91-9876543210', 'rajesh@transitops.com', 92, 'Available', 'Northeast', '2022-03-10', 145),
('b0000001-0000-0000-0000-000000000002', 'Suresh Patel', 'GJ-CD-2020-0187', 'A', '2026-11-20', '+91-9876543211', 'suresh@transitops.com', 88, 'Available', 'Southeast', '2021-07-15', 203),
('b0000001-0000-0000-0000-000000000003', 'Amit Singh', 'DL-AB-2018-0093', 'B', '2025-12-01', '+91-9876543212', 'amit@transitops.com', 78, 'On Trip', 'Midwest', '2020-01-20', 312),
('b0000001-0000-0000-0000-000000000004', 'Vikram Reddy', 'KA-EF-2021-0256', 'A', '2028-03-10', '+91-9876543213', 'vikram@transitops.com', 95, 'Available', 'West', '2023-05-01', 87),
('b0000001-0000-0000-0000-000000000005', 'Manoj Sharma', 'RJ-GH-2019-0134', 'B', '2026-06-30', '+91-9876543214', 'manoj@transitops.com', 85, 'Available', 'Southwest', '2022-09-12', 178),
('b0000001-0000-0000-0000-000000000006', 'Deepak Verma', 'TN-IJ-2020-0078', 'A', '2027-01-25', '+91-9876543215', 'deepak@transitops.com', 90, 'Off Duty', 'Northeast', '2021-11-05', 234),
('b0000001-0000-0000-0000-000000000007', 'Ravi Gupta', 'UP-KL-2017-0056', 'B', '2025-09-18', '+91-9876543216', 'ravi@transitops.com', 72, 'Suspended', 'Midwest', '2019-06-20', 456),
('b0000001-0000-0000-0000-000000000008', 'Sanjay Mishra', 'MP-MN-2022-0312', 'A', '2028-07-12', '+91-9876543217', 'sanjay@transitops.com', 88, 'Available', 'West', '2024-02-01', 42),
('b0000001-0000-0000-0000-000000000009', 'Karan Joshi', 'CH-OP-2021-0189', 'B', '2027-05-08', '+91-9876543218', 'karan@transitops.com', 91, 'Available', 'Northeast', '2023-08-15', 95),
('b0000001-0000-0000-0000-000000000010', 'Anil Yadav', 'PB-QR-2020-0267', 'A', '2026-08-22', '+91-9876543219', 'anil@transitops.com', 82, 'Available', 'Southwest', '2022-04-10', 167),
('b0000001-0000-0000-0000-000000000011', 'Prakash Nair', 'HR-ST-2019-0145', 'B', '2027-10-30', '+91-9876543220', 'prakash@transitops.com', 87, 'On Trip', 'Midwest', '2021-02-28', 289),
('b0000001-0000-0000-0000-000000000012', 'Mukesh Jha', 'GJ-UV-2023-0401', 'A', '2029-01-15', '+91-9876543221', 'mukesh@transitops.com', 94, 'Available', 'Southeast', '2025-01-05', 18);

-- ═══════════════════════════════════════════════════════════════════════════════
-- TRIPS
-- ═══════════════════════════════════════════════════════════════════════════════

INSERT INTO trips (id, trip_number, source, destination, vehicle_id, driver_id, cargo_description, cargo_weight, planned_distance, status, scheduled_departure, revenue) VALUES
('c0000001-0000-0000-0000-000000000001', 'TRIP-2026-0001', 'Mumbai', 'Pune', 'a0000001-0000-0000-0000-000000000001', 'b0000001-0000-0000-0000-000000000001', 'Electronics components', 12500, 150, 'Completed', '2026-06-01T06:00:00Z', 45000),
('c0000001-0000-0000-0000-000000000002', 'TRIP-2026-0002', 'Delhi', 'Jaipur', 'a0000001-0000-0000-0000-000000000002', 'b0000001-0000-0000-0000-000000000002', 'FMCG goods', 8200, 280, 'Completed', '2026-06-05T05:30:00Z', 62000),
('c0000001-0000-0000-0000-000000000003', 'TRIP-2026-0003', 'Bangalore', 'Chennai', 'a0000001-0000-0000-0000-000000000003', 'b0000001-0000-0000-0000-000000000003', 'Automotive parts', 15800, 340, 'Dispatched', '2026-07-10T04:00:00Z', 78000),
('c0000001-0000-0000-0000-000000000004', 'TRIP-2026-0004', 'Ahmedabad', 'Surat', 'a0000001-0000-0000-0000-000000000004', 'b0000001-0000-0000-0000-000000000004', 'Textile rolls', 6500, 260, 'Draft', '2026-07-15T06:30:00Z', 0),
('c0000001-0000-0000-0000-000000000005', 'TRIP-2026-0005', 'Kolkata', 'Howrah', 'a0000001-0000-0000-0000-000000000005', 'b0000001-0000-0000-0000-000000000005', 'Steel coils', 22000, 35, 'Completed', '2026-06-10T07:00:00Z', 28000),
('c0000001-0000-0000-0000-000000000006', 'TRIP-2026-0006', 'Chennai', 'Coimbatore', 'a0000001-0000-0000-0000-000000000006', 'b0000001-0000-0000-0000-000000000006', 'Pharmaceutical goods', 3200, 510, 'Completed', '2026-06-15T05:00:00Z', 95000),
('c0000001-0000-0000-0000-000000000007', 'TRIP-2026-0007', 'Hyderabad', 'Vizag', 'a0000001-0000-0000-0000-000000000007', 'b0000001-0000-0000-0000-000000000007', 'Chemical drums', 18500, 620, 'Cancelled', '2026-06-20T04:30:00Z', 0),
('c0000001-0000-0000-0000-000000000008', 'TRIP-2026-0008', 'Lucknow', 'Kanpur', 'a0000001-0000-0000-0000-000000000008', 'b0000001-0000-0000-0000-000000000008', 'Food grain sacks', 14000, 75, 'Draft', '2026-07-20T06:00:00Z', 0),
('c0000001-0000-0000-0000-000000000009', 'TRIP-2026-0009', 'Pune', 'Nagpur', 'a0000001-0000-0000-0000-000000000009', 'b0000001-0000-0000-0000-000000000009', 'Construction material', 19800, 780, 'Dispatched', '2026-07-08T03:30:00Z', 120000),
('c0000001-0000-0000-0000-000000000010', 'TRIP-2026-0010', 'Delhi', 'Agra', 'a0000001-0000-0000-0000-000000000010', 'b0000001-0000-0000-0000-000000000010', 'Industrial machinery', 24000, 230, 'Completed', '2026-06-25T05:00:00Z', 55000);

-- ═══════════════════════════════════════════════════════════════════════════════
-- FUEL LOGS
-- ═══════════════════════════════════════════════════════════════════════════════

INSERT INTO fuel_logs (id, vehicle_id, trip_id, liters, cost_per_liter, cost, odometer_reading, station, date) VALUES
('d0000001-0000-0000-0000-000000000001', 'a0000001-0000-0000-0000-000000000001', NULL, 45.5, 102.50, 4663.75, 44800, 'HP Petrol Pump Mumbai', '2026-06-01'),
('d0000001-0000-0000-0000-000000000002', 'a0000001-0000-0000-0000-000000000002', NULL, 52.0, 101.80, 5293.60, 21500, 'Indian Oil Delhi', '2026-06-05'),
('d0000001-0000-0000-0000-000000000003', 'a0000001-0000-0000-0000-000000000003', NULL, 68.3, 103.20, 7048.56, 30800, 'Bharat Petroleum Bangalore', '2026-07-10'),
('d0000001-0000-0000-0000-000000000004', 'a0000001-0000-0000-0000-000000000004', NULL, 38.0, 102.00, 3876.00, 8500, 'Reliance Fresh Ahmedabad', '2026-07-05'),
('d0000001-0000-0000-0000-000000000005', 'a0000001-0000-0000-0000-000000000005', NULL, 22.5, 101.50, 2283.75, 56200, 'Shell Kolkata', '2026-06-10'),
('d0000001-0000-0000-0000-000000000006', 'a0000001-0000-0000-0000-000000000006', NULL, 75.0, 104.00, 7800.00, 43000, 'HP Petrol Pump Chennai', '2026-06-15'),
('d0000001-0000-0000-0000-000000000007', 'a0000001-0000-0000-0000-000000000007', NULL, 60.2, 102.80, 6188.56, 28200, 'Indian Oil Hyderabad', '2026-06-20'),
('d0000001-0000-0000-0000-000000000008', 'a0000001-0000-0000-0000-000000000008', NULL, 18.5, 101.90, 1885.15, 91500, 'Bharat Petroleum Lucknow', '2026-07-01'),
('d0000001-0000-0000-0000-000000000009', 'a0000001-0000-0000-0000-000000000009', NULL, 55.0, 103.50, 5692.50, 28000, 'Shell Pune', '2026-07-08'),
('d0000001-0000-0000-0000-000000000010', 'a0000001-0000-0000-0000-000000000010', NULL, 42.0, 102.20, 4292.40, 77800, 'HP Petrol Pump Delhi', '2026-06-25');

-- ═══════════════════════════════════════════════════════════════════════════════
-- MAINTENANCE LOGS
-- ═══════════════════════════════════════════════════════════════════════════════

INSERT INTO maintenance_logs (id, vehicle_id, description, type, date, cost, state, mechanic) VALUES
('e0000001-0000-0000-0000-000000000001', 'a0000001-0000-0000-0000-000000000003', 'Engine oil change and filter replacement', 'preventive', '2026-05-15', 8500, 'closed', 'Sharma Auto Works'),
('e0000001-0000-0000-0000-000000000002', 'a0000001-0000-0000-0000-000000000005', 'Brake pad replacement rear axle', 'corrective', '2026-04-20', 12000, 'closed', 'Kolkata Motors'),
('e0000001-0000-0000-0000-000000000003', 'a0000001-0000-0000-0000-000000000007', 'AC compressor replacement', 'corrective', '2026-06-01', 25000, 'closed', 'Vizag Fleet Services'),
('e0000001-0000-0000-0000-000000000004', 'a0000001-0000-0000-0000-000000000004', 'Annual safety inspection', 'inspection', '2026-03-10', 5000, 'closed', 'Surat Auto Care'),
('e0000001-0000-0000-0000-000000000005', 'a0000001-0000-0000-0000-000000000001', 'Tyres replacement all 4 wheels', 'corrective', '2026-05-28', 32000, 'open', 'Mumbai Tyre Zone'),
('e0000001-0000-0000-0000-000000000006', 'a0000001-0000-0000-0000-000000000008', 'Transmission service', 'preventive', '2026-07-01', 18000, 'open', 'Lucknow Garage'),
('e0000001-0000-0000-0000-000000000007', 'a0000001-0000-0000-0000-000000000006', 'Electrical wiring repair', 'emergency', '2026-06-18', 8500, 'closed', 'Chennai Auto Electric'),
('e0000001-0000-0000-0000-000000000008', 'a0000001-0000-0000-0000-000000000010', 'Clutch plate replacement', 'corrective', '2026-06-10', 15000, 'closed', 'Delhi Heavy Vehicles');

-- ═══════════════════════════════════════════════════════════════════════════════
-- EXPENSES
-- ═══════════════════════════════════════════════════════════════════════════════

INSERT INTO expenses (id, vehicle_id, trip_id, type, category, description, cost, date) VALUES
('f0000001-0000-0000-0000-000000000001', 'a0000001-0000-0000-0000-000000000001', NULL, 'toll', 'repair', 'Clutch plate replacement', 15000, '2026-06-10'),
('f0000001-0000-0000-0000-000000000002', 'a0000001-0000-0000-0000-000000000002', NULL, 'toll', 'toll', 'Mumbai Pune Expressway toll', 850, '2026-06-05'),
('f0000001-0000-0000-0000-000000000003', 'a0000001-0000-0000-0000-000000000003', NULL, 'toll', 'toll', 'Delhi Jaipur Highway toll', 620, '2026-06-05'),
('f0000001-0000-0000-0000-000000000004', 'a0000001-0000-0000-0000-000000000004', NULL, 'toll', 'insurance', 'Annual vehicle insurance renewal', 45000, '2026-01-15'),
('f0000001-0000-0000-0000-000000000005', 'a0000001-0000-0000-0000-000000000005', NULL, 'toll', 'fine', 'Traffic violation fine Bangalore', 2500, '2026-06-20'),
('f0000001-0000-0000-0000-000000000006', 'a0000001-0000-0000-0000-000000000006', NULL, 'toll', 'parking', 'Overnight parking Chennai depot', 400, '2026-06-15'),
('f0000001-0000-0000-0000-000000000007', 'a0000001-0000-0000-0000-000000000007', NULL, 'toll', 'toll', 'Hyderabad Vizag toll plaza', 1200, '2026-06-20'),
('f0000001-0000-0000-0000-000000000008', 'a0000001-0000-0000-0000-000000000008', NULL, 'toll', 'other', 'Washing and detailing', 600, '2026-07-01'),
('f0000001-0000-0000-0000-000000000009', 'a0000001-0000-0000-0000-000000000009', NULL, 'toll', 'repair', 'Windshield replacement', 3500, '2026-07-05'),
('f0000001-0000-0000-0000-000000000010', 'a0000001-0000-0000-0000-000000000010', NULL, 'toll', 'toll', 'Delhi Agra Yamuna Expressway', 480, '2026-06-25');
